{"cameraMode":{"drawMode":0,"name":"Shaded","section":"Shading Mode"},"sceneLighting":true,"audioPlay":false,"sceneViewState":{"m_AlwaysRefresh":false,"showFog":true,"showSkybox":true,"showFlares":true,"showImageEffects":true,"showParticleSystems":true,"showVisualEffectGraphs":true,"m_FxEnabled":true},"in2DMode":false,"pivot":{"x":-17.103965759277345,"y":3.9702818393707277,"z":1.658036470413208},"rotation":{"x":-0.02420160546898842,"y":-0.7196954488754273,"z":0.025013308972120286,"w":-0.6934639811515808},"size":-2.433974504470825,"orthographic":false}