{"cameraMode":{"drawMode":0,"name":"Shaded","section":"Shading Mode"},"sceneLighting":true,"audioPlay":false,"sceneViewState":{"m_AlwaysRefresh":false,"showFog":true,"showSkybox":true,"showFlares":true,"showImageEffects":true,"showParticleSystems":true,"showVisualEffectGraphs":true,"m_FxEnabled":true},"in2DMode":false,"pivot":{"x":-26.970630645751954,"y":11.387990951538086,"z":12.049713134765625},"rotation":{"x":-0.16396532952785493,"y":-0.8162802457809448,"z":0.47804874181747439,"w":-0.2798849046230316},"size":24.288564682006837,"orthographic":false}