{"cameraMode":{"drawMode":0,"name":"Shaded","section":"Shading Mode"},"sceneLighting":false,"audioPlay":false,"sceneViewState":{"m_AlwaysRefresh":false,"showFog":true,"showSkybox":false,"showFlares":true,"showImageEffects":true,"showParticleSystems":true,"showVisualEffectGraphs":true,"m_FxEnabled":true},"in2DMode":false,"pivot":{"x":0.6000000238418579,"y":3.450000047683716,"z":34.34000015258789},"rotation":{"x":0.062427446246147159,"y":-0.4691406488418579,"z":0.03330026566982269,"w":0.880320131778717},"size":0.17320415377616883,"orthographic":false}